user_count,worker_id,gender
1,~01b404a60905b11630,female
2,~019b9a4166816e3e16,male
3,~01c245731f7c607681,male
4,~01ccfbbd6370706f4c,unidentified
5,~01e3039bd8fb59602c,male
6,~017a8ce5f5277a70f8,male
7,~01f9b6ea7dce82200c,male
8,~01f93508c701a69482,male
9,~010ce38df6bfb4bf87,male
10,~01cbe2ab4416093a68,male
11,~01d63155b42397ba34,male
12,~01d459fd13fb47f27c,male
13,~012430a7ad47ce70f0,female
14,~01a2a1a622f5e86fe4,female
15,~01553b7b761bd72b92,female
16,~014a2897d520a73b7e,unidentified
17,~014fc74e3afb2c9117,female
18,~017e7eae60cd64c8fc,male
19,~018fd35897afad5062,male
20,~01a1cd5d812f168d30,male
21,~01c4cbc414bc709812,female
22,~011a833163986e26d4,female
23,~013ea2e817845372b8,male
24,~011c0354c2a11fe2cf,female
25,~017103f1940969128f,male
26,~01c023ea6a0992bac6,male
27,~0131a96dfbd1f6db52,male
28,~01f300de8f270c7341,male
29,~01334d3bcba0140b7d,male
30,~0104c9caa56bfcaa97,female
31,~011ab65e13336941fd,male
32,~018273718aa6343437,male
33,~01bb4b94b68d3391ee,female
34,~011d73296f59a4744d,male
35,~014feee97f377ed151,male
36,~0104a2b27924d06855,male
37,~01bfdbf2863c95bd0d,unidentified
38,~01a2ba9fe5562e4429,male
39,~0191f7b31caf2d0562,male
40,~014995447ad704f1ad,female
41,~0154381ac21c6eab67,male
42,~01f53ce45f356bc944,male
43,~01e778e71d4c9a1999,male
44,~01b558e9781539d47b,male
45,~011cd393b01b8a3e8a,error
46,~01d28bf68f8e77cd9b,error
47,~0190d619eb0a057d8c,male
48,~01f291f88a451d2c01,male
49,~018b55e8a434b4f6c6,male
50,~017feb208c16f4ee1f,female
51,~01b41a930a1a5437c9,female
52,~01bb51d729c7ee7f50,female
53,~014dddb5252a7f3227,female
54,~01a90cdd29708b067f,male
55,~014d581a6c40a5796f,male
56,~018d6062147cf02ccd,male
57,~014c9339e3ac9d28f0,unidentified
58,~01d4b3d986914923d8,female
59,~0138e4546e36126d37,male
60,~0110f4a6bc8ae82036,male
61,~018283339159fbebe7,female
62,~0162ddbb9be1f85f69,male
63,~018e55ef4c678a8d42,male
64,~0185519811f1d3802a,male
65,~019fa854deeafebb91,female
66,~016027ab4b27667acc,male
67,~013d587bbf10d5ff4f,male
68,~01fe7123f9dd29dcfa,male
69,~016fa971ef0a9128cd,female
70,~019b6284a7ada6f746,male
71,~0190bec55265467070,male
72,~017120d64aeb181516,male
73,~015dcd620ea65ae7d1,female
74,~0197f6100d55aa0991,male
75,~013373ac1fb469876d,female
76,~01224715cd61562f50,female
77,~01f6e21e0d2ab149fc,male
78,~01b599ee91e054fa01,male
79,~0133005d480b07796a,unidentified
80,~01f1db9597a0354721,male
81,~0151be09a2b663a091,male
82,~01dba42828b099b23c,female
83,~017e4214f2396e1342,male
84,~01903effbaa001d49d,male
85,~014f8e9586af6e6b0a,male
86,~01f075cf4fcc0ec365,male
87,~018b50dba565938d18,female
88,~016d16a32a5a778c2c,female
89,~01092a125683949e98,male
90,~016e3b3469f3a917d3,male
91,~01fd6ea0a954e20b21,male
92,~01a1b362da839bf485,male
93,~01f27a0b6c741f8954,female
94,~01f83687ef88b7a3d0,male
95,~01451cbd2222f81b7b,male
96,~012e894e8a7eefc0eb,male
97,~01f9c542d5945493f0,female
98,~01e80b05d0ffee5929,male
99,~0168b394466e457ed2,unidentified
100,~0161a58382688ba4a3,male
101,~019ec9e258bd97ad95,error
102,~014324b170232de9b9,error
103,~016eb231a33452af90,error
104,~01d41085d64934eaf2,error
105,~01a4bdbd5280d98e27,error
106,~01d1cfe2fc7e2fdf35,error
107,~0152d388c54a64c94a,error
108,~01a22437f616644fb1,error
109,~01d0d229e19937979f,error
110,~01eb942278efcf4333,error
111,~01a37df34cd9281856,error
112,~0120cbc5e98bea620f,error
113,~019b30a4e87b1f07be,error
114,~01f23bc81b163060f4,error
115,~01b6253360c2068d51,error
116,~01faa54923511cd423,error
117,~014df116e1ed705471,error
118,~01e955c9084bc53c32,error
119,~010d63b3f7d90794a7,error
120,~01ac6b687000720ee4,error
121,~01bdf133ee5e78e3e7,error
122,~016de9ec19ba86b170,error
123,~01cbd5de5df3d1638d,error
124,~012d6f71e64e8c9fd4,error
125,~0172aeb99ae33b9076,error
126,~01ddf540ce40bee8e7,error
127,~018cc213005414c628,error
128,~016bdd5d95c5841a64,error
129,~017b89d62f1778b481,error
130,~016d55896368998adc,error
131,~016da320417f0c8d22,error
132,~015fc493d2864fad6d,error
133,~019585565fccb0e665,error
134,~01601d88ea87c7507c,error
135,~0102fc2988e64d6712,error
136,~01f58823a68e718af2,error
137,~01c941113c09da41da,error
138,~01788b62ea911dfe96,error
